Designator,Mid X,Mid Y,Rotation,Layer
C24,76.0625,-72.3,180.0,top
C25,87.6625,-72.3,180.0,top
C26,99.0625,-72.3,180.0,top
C27,110.6625,-72.3,180.0,top
C28,122.0625,-72.3,180.0,top
C29,133.4625,-72.3,180.0,top
C30,145.0625,-72.3,180.0,top
C31,156.4625,-72.305,180.0,top
D1,74.5,-67.5,180.0,top
D2,86.0,-67.5,180.0,top
D3,97.5,-67.5,180.0,top
D4,109.0,-67.5,180.0,top
D5,120.5,-67.5,180.0,top
D6,132.0,-67.5,180.0,top
D7,143.5,-67.5,180.0,top
D8,155.0,-67.5,180.0,top
H1,163.0,-67.5,0.0,top
H2,66.3,-67.5,0.0,top
PRG,46.23,-68.77,0.0,bottom
PWR,46.23,-63.69,270.0,bottom
QWIIC_2,37.86,-67.5,180.0,bottom
QWIIC,40.4,-67.5,180.0,bottom
R1,62.1,-67.6,270.0,bottom
RGB OUT,168.5,-67.5,180.0,bottom
U1,54.99,-67.59,270.0,bottom
